hex,name,category,class,utf8_bytes,A,B,C,D,E,F,G,H,I,J,K,L,M,auto_score,semantic_tier,effective_tier,tier_name,notes
U+00AD,SOFT HYPHEN,Cf,zero_width,2,PASS,PASS,PASS,PASS,PASS,PASS,PASS,PASS,PASS,PASS,PASS,PASS,PASS,13,1,1,RELIABLE,
U+034F,COMBINING GRAPHEME JOINER,Mn,zero_width,2,PASS,PASS,PASS,PASS,PASS,PASS,PASS,PASS,PASS,PASS,PASS,PASS,PASS,13,1,1,RELIABLE,
U+115F,HANGUL CHOSEONG FILLER,Lo,script_filler,3,PASS,PASS,PASS,PASS,PASS,PASS,PASS,PASS,PASS,PASS,PASS,PASS,PASS,13,2,2,GOOD,
U+1160,HANGUL JUNGSEONG FILLER,Lo,script_filler,3,PASS,PASS,PASS,PASS,PASS,PASS,PASS,PASS,PASS,PASS,PASS,PASS,PASS,13,2,2,GOOD,
U+17B4,KHMER VOWEL INHERENT AQ,Mn,script_filler,3,PASS,PASS,PASS,PASS,PASS,PASS,PASS,PASS,PASS,PASS,PASS,PASS,PASS,13,2,2,GOOD,
U+17B5,KHMER VOWEL INHERENT AA,Mn,script_filler,3,PASS,PASS,PASS,PASS,PASS,PASS,PASS,PASS,PASS,PASS,PASS,PASS,PASS,13,2,2,GOOD,
U+180B,MONGOLIAN FREE VARIATION SELECTOR ONE,Mn,variation_sel,3,PASS,PASS,PASS,PASS,PASS,PASS,PASS,PASS,PASS,PASS,PASS,PASS,PASS,13,2,2,GOOD,
U+180C,MONGOLIAN FREE VARIATION SELECTOR TWO,Mn,variation_sel,3,PASS,PASS,PASS,PASS,PASS,PASS,PASS,PASS,PASS,PASS,PASS,PASS,PASS,13,2,2,GOOD,
U+180D,MONGOLIAN FREE VARIATION SELECTOR THREE,Mn,variation_sel,3,PASS,PASS,PASS,PASS,PASS,PASS,PASS,PASS,PASS,PASS,PASS,PASS,PASS,13,2,2,GOOD,
U+180E,MONGOLIAN VOWEL SEPARATOR,Cf,script_filler,3,PASS,PASS,PASS,PASS,PASS,PASS,PASS,PASS,PASS,PASS,PASS,PASS,PASS,13,2,2,GOOD,
U+200B,ZERO WIDTH SPACE,Cf,zero_width,3,PASS,PASS,PASS,PASS,PASS,PASS,PASS,PASS,PASS,PASS,PASS,PASS,PASS,13,1,1,RELIABLE,
U+200C,ZERO WIDTH NON-JOINER,Cf,zero_width,3,PASS,PASS,PASS,PASS,PASS,PASS,PASS,PASS,PASS,PASS,PASS,PASS,PASS,13,1,1,RELIABLE,
U+200D,ZERO WIDTH JOINER,Cf,zero_width,3,PASS,PASS,PASS,PASS,PASS,PASS,PASS,PASS,PASS,PASS,PASS,PASS,PASS,13,1,1,RELIABLE,
U+200E,LEFT-TO-RIGHT MARK,Cf,directional,3,PASS,PASS,PASS,PASS,PASS,PASS,PASS,PASS,PASS,PASS,PASS,PASS,PASS,13,2,2,GOOD,
U+200F,RIGHT-TO-LEFT MARK,Cf,directional,3,PASS,PASS,PASS,PASS,PASS,PASS,PASS,PASS,PASS,PASS,PASS,PASS,PASS,13,2,2,GOOD,
U+061C,ARABIC LETTER MARK,Cf,directional,2,PASS,PASS,PASS,PASS,PASS,PASS,PASS,PASS,PASS,PASS,PASS,PASS,PASS,13,2,2,GOOD,
U+202A,LEFT-TO-RIGHT EMBEDDING,Cf,directional,3,PASS,PASS,PASS,PASS,PASS,PASS,PASS,PASS,PASS,PASS,PASS,PASS,PASS,13,2,2,GOOD,
U+202B,RIGHT-TO-LEFT EMBEDDING,Cf,directional,3,PASS,PASS,PASS,PASS,PASS,PASS,PASS,PASS,PASS,PASS,PASS,PASS,PASS,13,2,2,GOOD,
U+202C,POP DIRECTIONAL FORMATTING,Cf,directional,3,PASS,PASS,PASS,PASS,PASS,PASS,PASS,PASS,PASS,PASS,PASS,PASS,PASS,13,2,2,GOOD,
U+202D,LEFT-TO-RIGHT OVERRIDE,Cf,directional,3,PASS,PASS,PASS,PASS,PASS,PASS,PASS,PASS,PASS,PASS,PASS,PASS,PASS,13,2,2,GOOD,
U+202E,RIGHT-TO-LEFT OVERRIDE,Cf,directional,3,PASS,PASS,PASS,PASS,PASS,PASS,PASS,PASS,PASS,PASS,PASS,PASS,PASS,13,2,2,GOOD,
U+2066,LEFT-TO-RIGHT ISOLATE,Cf,directional,3,PASS,PASS,PASS,PASS,PASS,PASS,PASS,PASS,PASS,PASS,PASS,PASS,PASS,13,2,2,GOOD,
U+2067,RIGHT-TO-LEFT ISOLATE,Cf,directional,3,PASS,PASS,PASS,PASS,PASS,PASS,PASS,PASS,PASS,PASS,PASS,PASS,PASS,13,2,2,GOOD,
U+2068,FIRST STRONG ISOLATE,Cf,directional,3,PASS,PASS,PASS,PASS,PASS,PASS,PASS,PASS,PASS,PASS,PASS,PASS,PASS,13,2,2,GOOD,
U+2069,POP DIRECTIONAL ISOLATE,Cf,directional,3,PASS,PASS,PASS,PASS,PASS,PASS,PASS,PASS,PASS,PASS,PASS,PASS,PASS,13,2,2,GOOD,
U+2060,WORD JOINER,Cf,zero_width,3,PASS,PASS,PASS,PASS,PASS,PASS,PASS,PASS,PASS,PASS,PASS,PASS,PASS,13,1,1,RELIABLE,
U+2061,FUNCTION APPLICATION,Cf,zero_width,3,PASS,PASS,PASS,PASS,PASS,PASS,PASS,PASS,PASS,PASS,PASS,PASS,PASS,13,1,1,RELIABLE,
U+2062,INVISIBLE TIMES,Cf,zero_width,3,PASS,PASS,PASS,PASS,PASS,PASS,PASS,PASS,PASS,PASS,PASS,PASS,PASS,13,1,1,RELIABLE,
U+2063,INVISIBLE SEPARATOR,Cf,zero_width,3,PASS,PASS,PASS,PASS,PASS,PASS,PASS,PASS,PASS,PASS,PASS,PASS,PASS,13,1,1,RELIABLE,
U+2064,INVISIBLE PLUS,Cf,zero_width,3,PASS,PASS,PASS,PASS,PASS,PASS,PASS,PASS,PASS,PASS,PASS,PASS,PASS,13,1,1,RELIABLE,
U+206A,INHIBIT SYMMETRIC SWAPPING,Cf,deprecated,3,PASS,PASS,PASS,PASS,PASS,PASS,PASS,PASS,PASS,PASS,PASS,PASS,PASS,13,2,2,GOOD,
U+206B,ACTIVATE SYMMETRIC SWAPPING,Cf,deprecated,3,PASS,PASS,PASS,PASS,PASS,PASS,PASS,PASS,PASS,PASS,PASS,PASS,PASS,13,2,2,GOOD,
U+206C,INHIBIT ARABIC FORM SHAPING,Cf,deprecated,3,PASS,PASS,PASS,PASS,PASS,PASS,PASS,PASS,PASS,PASS,PASS,PASS,PASS,13,2,2,GOOD,
U+206D,ACTIVATE ARABIC FORM SHAPING,Cf,deprecated,3,PASS,PASS,PASS,PASS,PASS,PASS,PASS,PASS,PASS,PASS,PASS,PASS,PASS,13,2,2,GOOD,
U+206E,NATIONAL DIGIT SHAPES,Cf,deprecated,3,PASS,PASS,PASS,PASS,PASS,PASS,PASS,PASS,PASS,PASS,PASS,PASS,PASS,13,2,2,GOOD,
U+206F,NOMINAL DIGIT SHAPES,Cf,deprecated,3,PASS,PASS,PASS,PASS,PASS,PASS,PASS,PASS,PASS,PASS,PASS,PASS,PASS,13,2,2,GOOD,
U+3164,HANGUL FILLER,Lo,script_filler,3,PASS,PASS,PASS,PASS,FAIL,FAIL,PASS,PASS,PASS,PASS,PASS,PASS,PASS,11,2,2,GOOD,E:changed by NFKC: U+1160; F:changed by NFKD: U+1160
U+FFA0,HALFWIDTH HANGUL FILLER,Lo,script_filler,3,PASS,PASS,PASS,PASS,FAIL,FAIL,PASS,PASS,PASS,PASS,PASS,PASS,PASS,11,2,2,GOOD,E:changed by NFKC: U+1160; F:changed by NFKD: U+1160
U+FEFF,ZERO WIDTH NO-BREAK SPACE,Cf,zero_width,3,PASS,PASS,PASS,PASS,PASS,PASS,PASS,PASS,PASS,PASS,PASS,PASS,PASS,13,1,1,RELIABLE,
U+FE00,VARIATION SELECTOR-1,Mn,variation_sel,3,PASS,PASS,PASS,PASS,PASS,PASS,PASS,PASS,PASS,PASS,PASS,PASS,PASS,13,2,2,GOOD,
U+FE01,VARIATION SELECTOR-2,Mn,variation_sel,3,PASS,PASS,PASS,PASS,PASS,PASS,PASS,PASS,PASS,PASS,PASS,PASS,PASS,13,2,2,GOOD,
U+FE02,VARIATION SELECTOR-3,Mn,variation_sel,3,PASS,PASS,PASS,PASS,PASS,PASS,PASS,PASS,PASS,PASS,PASS,PASS,PASS,13,2,2,GOOD,
U+FE03,VARIATION SELECTOR-4,Mn,variation_sel,3,PASS,PASS,PASS,PASS,PASS,PASS,PASS,PASS,PASS,PASS,PASS,PASS,PASS,13,2,2,GOOD,
U+FE04,VARIATION SELECTOR-5,Mn,variation_sel,3,PASS,PASS,PASS,PASS,PASS,PASS,PASS,PASS,PASS,PASS,PASS,PASS,PASS,13,2,2,GOOD,
U+FE05,VARIATION SELECTOR-6,Mn,variation_sel,3,PASS,PASS,PASS,PASS,PASS,PASS,PASS,PASS,PASS,PASS,PASS,PASS,PASS,13,2,2,GOOD,
U+FE06,VARIATION SELECTOR-7,Mn,variation_sel,3,PASS,PASS,PASS,PASS,PASS,PASS,PASS,PASS,PASS,PASS,PASS,PASS,PASS,13,2,2,GOOD,
U+FE07,VARIATION SELECTOR-8,Mn,variation_sel,3,PASS,PASS,PASS,PASS,PASS,PASS,PASS,PASS,PASS,PASS,PASS,PASS,PASS,13,2,2,GOOD,
U+FE08,VARIATION SELECTOR-9,Mn,variation_sel,3,PASS,PASS,PASS,PASS,PASS,PASS,PASS,PASS,PASS,PASS,PASS,PASS,PASS,13,2,2,GOOD,
U+FE09,VARIATION SELECTOR-10,Mn,variation_sel,3,PASS,PASS,PASS,PASS,PASS,PASS,PASS,PASS,PASS,PASS,PASS,PASS,PASS,13,2,2,GOOD,
U+FE0A,VARIATION SELECTOR-11,Mn,variation_sel,3,PASS,PASS,PASS,PASS,PASS,PASS,PASS,PASS,PASS,PASS,PASS,PASS,PASS,13,2,2,GOOD,
U+FE0B,VARIATION SELECTOR-12,Mn,variation_sel,3,PASS,PASS,PASS,PASS,PASS,PASS,PASS,PASS,PASS,PASS,PASS,PASS,PASS,13,2,2,GOOD,
U+FE0C,VARIATION SELECTOR-13,Mn,variation_sel,3,PASS,PASS,PASS,PASS,PASS,PASS,PASS,PASS,PASS,PASS,PASS,PASS,PASS,13,2,2,GOOD,
U+FE0D,VARIATION SELECTOR-14,Mn,variation_sel,3,PASS,PASS,PASS,PASS,PASS,PASS,PASS,PASS,PASS,PASS,PASS,PASS,PASS,13,2,2,GOOD,
U+FE0E,VARIATION SELECTOR-15,Mn,variation_sel,3,PASS,PASS,PASS,PASS,PASS,PASS,PASS,PASS,PASS,PASS,PASS,PASS,PASS,13,2,2,GOOD,
U+FE0F,VARIATION SELECTOR-16,Mn,variation_sel,3,PASS,PASS,PASS,PASS,PASS,PASS,PASS,PASS,PASS,PASS,PASS,PASS,PASS,13,2,2,GOOD,
U+E0001,LANGUAGE TAG,Cf,tag,4,PASS,PASS,PASS,PASS,PASS,PASS,PASS,PASS,PASS,PASS,PASS,PASS,PASS,13,3,3,EXPERIMENTAL,
U+E0020,TAG SPACE,Cf,tag,4,PASS,PASS,PASS,PASS,PASS,PASS,PASS,PASS,PASS,PASS,PASS,PASS,PASS,13,3,3,EXPERIMENTAL,
U+E0021,TAG EXCLAMATION MARK,Cf,tag,4,PASS,PASS,PASS,PASS,PASS,PASS,PASS,PASS,PASS,PASS,PASS,PASS,PASS,13,3,3,EXPERIMENTAL,
U+E0022,TAG QUOTATION MARK,Cf,tag,4,PASS,PASS,PASS,PASS,PASS,PASS,PASS,PASS,PASS,PASS,PASS,PASS,PASS,13,3,3,EXPERIMENTAL,
U+E0023,TAG NUMBER SIGN,Cf,tag,4,PASS,PASS,PASS,PASS,PASS,PASS,PASS,PASS,PASS,PASS,PASS,PASS,PASS,13,3,3,EXPERIMENTAL,
U+E0024,TAG DOLLAR SIGN,Cf,tag,4,PASS,PASS,PASS,PASS,PASS,PASS,PASS,PASS,PASS,PASS,PASS,PASS,PASS,13,3,3,EXPERIMENTAL,
U+E0025,TAG PERCENT SIGN,Cf,tag,4,PASS,PASS,PASS,PASS,PASS,PASS,PASS,PASS,PASS,PASS,PASS,PASS,PASS,13,3,3,EXPERIMENTAL,
U+E0026,TAG AMPERSAND,Cf,tag,4,PASS,PASS,PASS,PASS,PASS,PASS,PASS,PASS,PASS,PASS,PASS,PASS,PASS,13,3,3,EXPERIMENTAL,
U+E0027,TAG APOSTROPHE,Cf,tag,4,PASS,PASS,PASS,PASS,PASS,PASS,PASS,PASS,PASS,PASS,PASS,PASS,PASS,13,3,3,EXPERIMENTAL,
U+E0028,TAG LEFT PARENTHESIS,Cf,tag,4,PASS,PASS,PASS,PASS,PASS,PASS,PASS,PASS,PASS,PASS,PASS,PASS,PASS,13,3,3,EXPERIMENTAL,
U+E0029,TAG RIGHT PARENTHESIS,Cf,tag,4,PASS,PASS,PASS,PASS,PASS,PASS,PASS,PASS,PASS,PASS,PASS,PASS,PASS,13,3,3,EXPERIMENTAL,
U+E002A,TAG ASTERISK,Cf,tag,4,PASS,PASS,PASS,PASS,PASS,PASS,PASS,PASS,PASS,PASS,PASS,PASS,PASS,13,3,3,EXPERIMENTAL,
U+E002B,TAG PLUS SIGN,Cf,tag,4,PASS,PASS,PASS,PASS,PASS,PASS,PASS,PASS,PASS,PASS,PASS,PASS,PASS,13,3,3,EXPERIMENTAL,
U+E002C,TAG COMMA,Cf,tag,4,PASS,PASS,PASS,PASS,PASS,PASS,PASS,PASS,PASS,PASS,PASS,PASS,PASS,13,3,3,EXPERIMENTAL,
U+E002D,TAG HYPHEN-MINUS,Cf,tag,4,PASS,PASS,PASS,PASS,PASS,PASS,PASS,PASS,PASS,PASS,PASS,PASS,PASS,13,3,3,EXPERIMENTAL,
U+E002E,TAG FULL STOP,Cf,tag,4,PASS,PASS,PASS,PASS,PASS,PASS,PASS,PASS,PASS,PASS,PASS,PASS,PASS,13,3,3,EXPERIMENTAL,
U+E002F,TAG SOLIDUS,Cf,tag,4,PASS,PASS,PASS,PASS,PASS,PASS,PASS,PASS,PASS,PASS,PASS,PASS,PASS,13,3,3,EXPERIMENTAL,
U+E0030,TAG DIGIT ZERO,Cf,tag,4,PASS,PASS,PASS,PASS,PASS,PASS,PASS,PASS,PASS,PASS,PASS,PASS,PASS,13,3,3,EXPERIMENTAL,
U+E0031,TAG DIGIT ONE,Cf,tag,4,PASS,PASS,PASS,PASS,PASS,PASS,PASS,PASS,PASS,PASS,PASS,PASS,PASS,13,3,3,EXPERIMENTAL,
U+E0032,TAG DIGIT TWO,Cf,tag,4,PASS,PASS,PASS,PASS,PASS,PASS,PASS,PASS,PASS,PASS,PASS,PASS,PASS,13,3,3,EXPERIMENTAL,
U+E0033,TAG DIGIT THREE,Cf,tag,4,PASS,PASS,PASS,PASS,PASS,PASS,PASS,PASS,PASS,PASS,PASS,PASS,PASS,13,3,3,EXPERIMENTAL,
U+E0034,TAG DIGIT FOUR,Cf,tag,4,PASS,PASS,PASS,PASS,PASS,PASS,PASS,PASS,PASS,PASS,PASS,PASS,PASS,13,3,3,EXPERIMENTAL,
U+E0035,TAG DIGIT FIVE,Cf,tag,4,PASS,PASS,PASS,PASS,PASS,PASS,PASS,PASS,PASS,PASS,PASS,PASS,PASS,13,3,3,EXPERIMENTAL,
U+E0036,TAG DIGIT SIX,Cf,tag,4,PASS,PASS,PASS,PASS,PASS,PASS,PASS,PASS,PASS,PASS,PASS,PASS,PASS,13,3,3,EXPERIMENTAL,
U+E0037,TAG DIGIT SEVEN,Cf,tag,4,PASS,PASS,PASS,PASS,PASS,PASS,PASS,PASS,PASS,PASS,PASS,PASS,PASS,13,3,3,EXPERIMENTAL,
U+E0038,TAG DIGIT EIGHT,Cf,tag,4,PASS,PASS,PASS,PASS,PASS,PASS,PASS,PASS,PASS,PASS,PASS,PASS,PASS,13,3,3,EXPERIMENTAL,
U+E0039,TAG DIGIT NINE,Cf,tag,4,PASS,PASS,PASS,PASS,PASS,PASS,PASS,PASS,PASS,PASS,PASS,PASS,PASS,13,3,3,EXPERIMENTAL,
U+E003A,TAG COLON,Cf,tag,4,PASS,PASS,PASS,PASS,PASS,PASS,PASS,PASS,PASS,PASS,PASS,PASS,PASS,13,3,3,EXPERIMENTAL,
U+E003B,TAG SEMICOLON,Cf,tag,4,PASS,PASS,PASS,PASS,PASS,PASS,PASS,PASS,PASS,PASS,PASS,PASS,PASS,13,3,3,EXPERIMENTAL,
U+E003C,TAG LESS-THAN SIGN,Cf,tag,4,PASS,PASS,PASS,PASS,PASS,PASS,PASS,PASS,PASS,PASS,PASS,PASS,PASS,13,3,3,EXPERIMENTAL,
U+E003D,TAG EQUALS SIGN,Cf,tag,4,PASS,PASS,PASS,PASS,PASS,PASS,PASS,PASS,PASS,PASS,PASS,PASS,PASS,13,3,3,EXPERIMENTAL,
U+E003E,TAG GREATER-THAN SIGN,Cf,tag,4,PASS,PASS,PASS,PASS,PASS,PASS,PASS,PASS,PASS,PASS,PASS,PASS,PASS,13,3,3,EXPERIMENTAL,
U+E003F,TAG QUESTION MARK,Cf,tag,4,PASS,PASS,PASS,PASS,PASS,PASS,PASS,PASS,PASS,PASS,PASS,PASS,PASS,13,3,3,EXPERIMENTAL,
U+E0040,TAG COMMERCIAL AT,Cf,tag,4,PASS,PASS,PASS,PASS,PASS,PASS,PASS,PASS,PASS,PASS,PASS,PASS,PASS,13,3,3,EXPERIMENTAL,
U+E0041,TAG LATIN CAPITAL LETTER A,Cf,tag,4,PASS,PASS,PASS,PASS,PASS,PASS,PASS,PASS,PASS,PASS,PASS,PASS,PASS,13,3,3,EXPERIMENTAL,
U+E0042,TAG LATIN CAPITAL LETTER B,Cf,tag,4,PASS,PASS,PASS,PASS,PASS,PASS,PASS,PASS,PASS,PASS,PASS,PASS,PASS,13,3,3,EXPERIMENTAL,
U+E0043,TAG LATIN CAPITAL LETTER C,Cf,tag,4,PASS,PASS,PASS,PASS,PASS,PASS,PASS,PASS,PASS,PASS,PASS,PASS,PASS,13,3,3,EXPERIMENTAL,
U+E0044,TAG LATIN CAPITAL LETTER D,Cf,tag,4,PASS,PASS,PASS,PASS,PASS,PASS,PASS,PASS,PASS,PASS,PASS,PASS,PASS,13,3,3,EXPERIMENTAL,
U+E0045,TAG LATIN CAPITAL LETTER E,Cf,tag,4,PASS,PASS,PASS,PASS,PASS,PASS,PASS,PASS,PASS,PASS,PASS,PASS,PASS,13,3,3,EXPERIMENTAL,
U+E0046,TAG LATIN CAPITAL LETTER F,Cf,tag,4,PASS,PASS,PASS,PASS,PASS,PASS,PASS,PASS,PASS,PASS,PASS,PASS,PASS,13,3,3,EXPERIMENTAL,
U+E0047,TAG LATIN CAPITAL LETTER G,Cf,tag,4,PASS,PASS,PASS,PASS,PASS,PASS,PASS,PASS,PASS,PASS,PASS,PASS,PASS,13,3,3,EXPERIMENTAL,
U+E0048,TAG LATIN CAPITAL LETTER H,Cf,tag,4,PASS,PASS,PASS,PASS,PASS,PASS,PASS,PASS,PASS,PASS,PASS,PASS,PASS,13,3,3,EXPERIMENTAL,
U+E0049,TAG LATIN CAPITAL LETTER I,Cf,tag,4,PASS,PASS,PASS,PASS,PASS,PASS,PASS,PASS,PASS,PASS,PASS,PASS,PASS,13,3,3,EXPERIMENTAL,
U+E004A,TAG LATIN CAPITAL LETTER J,Cf,tag,4,PASS,PASS,PASS,PASS,PASS,PASS,PASS,PASS,PASS,PASS,PASS,PASS,PASS,13,3,3,EXPERIMENTAL,
U+E004B,TAG LATIN CAPITAL LETTER K,Cf,tag,4,PASS,PASS,PASS,PASS,PASS,PASS,PASS,PASS,PASS,PASS,PASS,PASS,PASS,13,3,3,EXPERIMENTAL,
U+E004C,TAG LATIN CAPITAL LETTER L,Cf,tag,4,PASS,PASS,PASS,PASS,PASS,PASS,PASS,PASS,PASS,PASS,PASS,PASS,PASS,13,3,3,EXPERIMENTAL,
U+E004D,TAG LATIN CAPITAL LETTER M,Cf,tag,4,PASS,PASS,PASS,PASS,PASS,PASS,PASS,PASS,PASS,PASS,PASS,PASS,PASS,13,3,3,EXPERIMENTAL,
U+E004E,TAG LATIN CAPITAL LETTER N,Cf,tag,4,PASS,PASS,PASS,PASS,PASS,PASS,PASS,PASS,PASS,PASS,PASS,PASS,PASS,13,3,3,EXPERIMENTAL,
U+E004F,TAG LATIN CAPITAL LETTER O,Cf,tag,4,PASS,PASS,PASS,PASS,PASS,PASS,PASS,PASS,PASS,PASS,PASS,PASS,PASS,13,3,3,EXPERIMENTAL,
U+E0050,TAG LATIN CAPITAL LETTER P,Cf,tag,4,PASS,PASS,PASS,PASS,PASS,PASS,PASS,PASS,PASS,PASS,PASS,PASS,PASS,13,3,3,EXPERIMENTAL,
U+E0051,TAG LATIN CAPITAL LETTER Q,Cf,tag,4,PASS,PASS,PASS,PASS,PASS,PASS,PASS,PASS,PASS,PASS,PASS,PASS,PASS,13,3,3,EXPERIMENTAL,
U+E0052,TAG LATIN CAPITAL LETTER R,Cf,tag,4,PASS,PASS,PASS,PASS,PASS,PASS,PASS,PASS,PASS,PASS,PASS,PASS,PASS,13,3,3,EXPERIMENTAL,
U+E0053,TAG LATIN CAPITAL LETTER S,Cf,tag,4,PASS,PASS,PASS,PASS,PASS,PASS,PASS,PASS,PASS,PASS,PASS,PASS,PASS,13,3,3,EXPERIMENTAL,
U+E0054,TAG LATIN CAPITAL LETTER T,Cf,tag,4,PASS,PASS,PASS,PASS,PASS,PASS,PASS,PASS,PASS,PASS,PASS,PASS,PASS,13,3,3,EXPERIMENTAL,
U+E0055,TAG LATIN CAPITAL LETTER U,Cf,tag,4,PASS,PASS,PASS,PASS,PASS,PASS,PASS,PASS,PASS,PASS,PASS,PASS,PASS,13,3,3,EXPERIMENTAL,
U+E0056,TAG LATIN CAPITAL LETTER V,Cf,tag,4,PASS,PASS,PASS,PASS,PASS,PASS,PASS,PASS,PASS,PASS,PASS,PASS,PASS,13,3,3,EXPERIMENTAL,
U+E0057,TAG LATIN CAPITAL LETTER W,Cf,tag,4,PASS,PASS,PASS,PASS,PASS,PASS,PASS,PASS,PASS,PASS,PASS,PASS,PASS,13,3,3,EXPERIMENTAL,
U+E0058,TAG LATIN CAPITAL LETTER X,Cf,tag,4,PASS,PASS,PASS,PASS,PASS,PASS,PASS,PASS,PASS,PASS,PASS,PASS,PASS,13,3,3,EXPERIMENTAL,
U+E0059,TAG LATIN CAPITAL LETTER Y,Cf,tag,4,PASS,PASS,PASS,PASS,PASS,PASS,PASS,PASS,PASS,PASS,PASS,PASS,PASS,13,3,3,EXPERIMENTAL,
U+E005A,TAG LATIN CAPITAL LETTER Z,Cf,tag,4,PASS,PASS,PASS,PASS,PASS,PASS,PASS,PASS,PASS,PASS,PASS,PASS,PASS,13,3,3,EXPERIMENTAL,
U+E005B,TAG LEFT SQUARE BRACKET,Cf,tag,4,PASS,PASS,PASS,PASS,PASS,PASS,PASS,PASS,PASS,PASS,PASS,PASS,PASS,13,3,3,EXPERIMENTAL,
U+E005C,TAG REVERSE SOLIDUS,Cf,tag,4,PASS,PASS,PASS,PASS,PASS,PASS,PASS,PASS,PASS,PASS,PASS,PASS,PASS,13,3,3,EXPERIMENTAL,
U+E005D,TAG RIGHT SQUARE BRACKET,Cf,tag,4,PASS,PASS,PASS,PASS,PASS,PASS,PASS,PASS,PASS,PASS,PASS,PASS,PASS,13,3,3,EXPERIMENTAL,
U+E005E,TAG CIRCUMFLEX ACCENT,Cf,tag,4,PASS,PASS,PASS,PASS,PASS,PASS,PASS,PASS,PASS,PASS,PASS,PASS,PASS,13,3,3,EXPERIMENTAL,
U+E005F,TAG LOW LINE,Cf,tag,4,PASS,PASS,PASS,PASS,PASS,PASS,PASS,PASS,PASS,PASS,PASS,PASS,PASS,13,3,3,EXPERIMENTAL,
U+E0060,TAG GRAVE ACCENT,Cf,tag,4,PASS,PASS,PASS,PASS,PASS,PASS,PASS,PASS,PASS,PASS,PASS,PASS,PASS,13,3,3,EXPERIMENTAL,
U+E0061,TAG LATIN SMALL LETTER A,Cf,tag,4,PASS,PASS,PASS,PASS,PASS,PASS,PASS,PASS,PASS,PASS,PASS,PASS,PASS,13,3,3,EXPERIMENTAL,
U+E0062,TAG LATIN SMALL LETTER B,Cf,tag,4,PASS,PASS,PASS,PASS,PASS,PASS,PASS,PASS,PASS,PASS,PASS,PASS,PASS,13,3,3,EXPERIMENTAL,
U+E0063,TAG LATIN SMALL LETTER C,Cf,tag,4,PASS,PASS,PASS,PASS,PASS,PASS,PASS,PASS,PASS,PASS,PASS,PASS,PASS,13,3,3,EXPERIMENTAL,
U+E0064,TAG LATIN SMALL LETTER D,Cf,tag,4,PASS,PASS,PASS,PASS,PASS,PASS,PASS,PASS,PASS,PASS,PASS,PASS,PASS,13,3,3,EXPERIMENTAL,
U+E0065,TAG LATIN SMALL LETTER E,Cf,tag,4,PASS,PASS,PASS,PASS,PASS,PASS,PASS,PASS,PASS,PASS,PASS,PASS,PASS,13,3,3,EXPERIMENTAL,
U+E0066,TAG LATIN SMALL LETTER F,Cf,tag,4,PASS,PASS,PASS,PASS,PASS,PASS,PASS,PASS,PASS,PASS,PASS,PASS,PASS,13,3,3,EXPERIMENTAL,
U+E0067,TAG LATIN SMALL LETTER G,Cf,tag,4,PASS,PASS,PASS,PASS,PASS,PASS,PASS,PASS,PASS,PASS,PASS,PASS,PASS,13,3,3,EXPERIMENTAL,
U+E0068,TAG LATIN SMALL LETTER H,Cf,tag,4,PASS,PASS,PASS,PASS,PASS,PASS,PASS,PASS,PASS,PASS,PASS,PASS,PASS,13,3,3,EXPERIMENTAL,
U+E0069,TAG LATIN SMALL LETTER I,Cf,tag,4,PASS,PASS,PASS,PASS,PASS,PASS,PASS,PASS,PASS,PASS,PASS,PASS,PASS,13,3,3,EXPERIMENTAL,
U+E006A,TAG LATIN SMALL LETTER J,Cf,tag,4,PASS,PASS,PASS,PASS,PASS,PASS,PASS,PASS,PASS,PASS,PASS,PASS,PASS,13,3,3,EXPERIMENTAL,
U+E006B,TAG LATIN SMALL LETTER K,Cf,tag,4,PASS,PASS,PASS,PASS,PASS,PASS,PASS,PASS,PASS,PASS,PASS,PASS,PASS,13,3,3,EXPERIMENTAL,
U+E006C,TAG LATIN SMALL LETTER L,Cf,tag,4,PASS,PASS,PASS,PASS,PASS,PASS,PASS,PASS,PASS,PASS,PASS,PASS,PASS,13,3,3,EXPERIMENTAL,
U+E006D,TAG LATIN SMALL LETTER M,Cf,tag,4,PASS,PASS,PASS,PASS,PASS,PASS,PASS,PASS,PASS,PASS,PASS,PASS,PASS,13,3,3,EXPERIMENTAL,
U+E006E,TAG LATIN SMALL LETTER N,Cf,tag,4,PASS,PASS,PASS,PASS,PASS,PASS,PASS,PASS,PASS,PASS,PASS,PASS,PASS,13,3,3,EXPERIMENTAL,
U+E006F,TAG LATIN SMALL LETTER O,Cf,tag,4,PASS,PASS,PASS,PASS,PASS,PASS,PASS,PASS,PASS,PASS,PASS,PASS,PASS,13,3,3,EXPERIMENTAL,
U+E0070,TAG LATIN SMALL LETTER P,Cf,tag,4,PASS,PASS,PASS,PASS,PASS,PASS,PASS,PASS,PASS,PASS,PASS,PASS,PASS,13,3,3,EXPERIMENTAL,
U+E0071,TAG LATIN SMALL LETTER Q,Cf,tag,4,PASS,PASS,PASS,PASS,PASS,PASS,PASS,PASS,PASS,PASS,PASS,PASS,PASS,13,3,3,EXPERIMENTAL,
U+E0072,TAG LATIN SMALL LETTER R,Cf,tag,4,PASS,PASS,PASS,PASS,PASS,PASS,PASS,PASS,PASS,PASS,PASS,PASS,PASS,13,3,3,EXPERIMENTAL,
U+E0073,TAG LATIN SMALL LETTER S,Cf,tag,4,PASS,PASS,PASS,PASS,PASS,PASS,PASS,PASS,PASS,PASS,PASS,PASS,PASS,13,3,3,EXPERIMENTAL,
U+E0074,TAG LATIN SMALL LETTER T,Cf,tag,4,PASS,PASS,PASS,PASS,PASS,PASS,PASS,PASS,PASS,PASS,PASS,PASS,PASS,13,3,3,EXPERIMENTAL,
U+E0075,TAG LATIN SMALL LETTER U,Cf,tag,4,PASS,PASS,PASS,PASS,PASS,PASS,PASS,PASS,PASS,PASS,PASS,PASS,PASS,13,3,3,EXPERIMENTAL,
U+E0076,TAG LATIN SMALL LETTER V,Cf,tag,4,PASS,PASS,PASS,PASS,PASS,PASS,PASS,PASS,PASS,PASS,PASS,PASS,PASS,13,3,3,EXPERIMENTAL,
U+E0077,TAG LATIN SMALL LETTER W,Cf,tag,4,PASS,PASS,PASS,PASS,PASS,PASS,PASS,PASS,PASS,PASS,PASS,PASS,PASS,13,3,3,EXPERIMENTAL,
U+E0078,TAG LATIN SMALL LETTER X,Cf,tag,4,PASS,PASS,PASS,PASS,PASS,PASS,PASS,PASS,PASS,PASS,PASS,PASS,PASS,13,3,3,EXPERIMENTAL,
U+E0079,TAG LATIN SMALL LETTER Y,Cf,tag,4,PASS,PASS,PASS,PASS,PASS,PASS,PASS,PASS,PASS,PASS,PASS,PASS,PASS,13,3,3,EXPERIMENTAL,
U+E007A,TAG LATIN SMALL LETTER Z,Cf,tag,4,PASS,PASS,PASS,PASS,PASS,PASS,PASS,PASS,PASS,PASS,PASS,PASS,PASS,13,3,3,EXPERIMENTAL,
U+E007B,TAG LEFT CURLY BRACKET,Cf,tag,4,PASS,PASS,PASS,PASS,PASS,PASS,PASS,PASS,PASS,PASS,PASS,PASS,PASS,13,3,3,EXPERIMENTAL,
U+E007C,TAG VERTICAL LINE,Cf,tag,4,PASS,PASS,PASS,PASS,PASS,PASS,PASS,PASS,PASS,PASS,PASS,PASS,PASS,13,3,3,EXPERIMENTAL,
U+E007D,TAG RIGHT CURLY BRACKET,Cf,tag,4,PASS,PASS,PASS,PASS,PASS,PASS,PASS,PASS,PASS,PASS,PASS,PASS,PASS,13,3,3,EXPERIMENTAL,
U+E007E,TAG TILDE,Cf,tag,4,PASS,PASS,PASS,PASS,PASS,PASS,PASS,PASS,PASS,PASS,PASS,PASS,PASS,13,3,3,EXPERIMENTAL,
U+E007F,CANCEL TAG,Cf,tag,4,PASS,PASS,PASS,PASS,PASS,PASS,PASS,PASS,PASS,PASS,PASS,PASS,PASS,13,3,3,EXPERIMENTAL,
U+E0100,VARIATION SELECTOR-17,Mn,var_sel_sup,4,PASS,PASS,PASS,PASS,PASS,PASS,PASS,PASS,PASS,PASS,PASS,PASS,PASS,13,3,3,EXPERIMENTAL,
U+E0101,VARIATION SELECTOR-18,Mn,var_sel_sup,4,PASS,PASS,PASS,PASS,PASS,PASS,PASS,PASS,PASS,PASS,PASS,PASS,PASS,13,3,3,EXPERIMENTAL,
U+E0102,VARIATION SELECTOR-19,Mn,var_sel_sup,4,PASS,PASS,PASS,PASS,PASS,PASS,PASS,PASS,PASS,PASS,PASS,PASS,PASS,13,3,3,EXPERIMENTAL,
U+E0103,VARIATION SELECTOR-20,Mn,var_sel_sup,4,PASS,PASS,PASS,PASS,PASS,PASS,PASS,PASS,PASS,PASS,PASS,PASS,PASS,13,3,3,EXPERIMENTAL,
U+E0104,VARIATION SELECTOR-21,Mn,var_sel_sup,4,PASS,PASS,PASS,PASS,PASS,PASS,PASS,PASS,PASS,PASS,PASS,PASS,PASS,13,3,3,EXPERIMENTAL,
U+E0105,VARIATION SELECTOR-22,Mn,var_sel_sup,4,PASS,PASS,PASS,PASS,PASS,PASS,PASS,PASS,PASS,PASS,PASS,PASS,PASS,13,3,3,EXPERIMENTAL,
U+E0106,VARIATION SELECTOR-23,Mn,var_sel_sup,4,PASS,PASS,PASS,PASS,PASS,PASS,PASS,PASS,PASS,PASS,PASS,PASS,PASS,13,3,3,EXPERIMENTAL,
U+E0107,VARIATION SELECTOR-24,Mn,var_sel_sup,4,PASS,PASS,PASS,PASS,PASS,PASS,PASS,PASS,PASS,PASS,PASS,PASS,PASS,13,3,3,EXPERIMENTAL,
U+E0108,VARIATION SELECTOR-25,Mn,var_sel_sup,4,PASS,PASS,PASS,PASS,PASS,PASS,PASS,PASS,PASS,PASS,PASS,PASS,PASS,13,3,3,EXPERIMENTAL,
U+E0109,VARIATION SELECTOR-26,Mn,var_sel_sup,4,PASS,PASS,PASS,PASS,PASS,PASS,PASS,PASS,PASS,PASS,PASS,PASS,PASS,13,3,3,EXPERIMENTAL,
U+E010A,VARIATION SELECTOR-27,Mn,var_sel_sup,4,PASS,PASS,PASS,PASS,PASS,PASS,PASS,PASS,PASS,PASS,PASS,PASS,PASS,13,3,3,EXPERIMENTAL,
U+E010B,VARIATION SELECTOR-28,Mn,var_sel_sup,4,PASS,PASS,PASS,PASS,PASS,PASS,PASS,PASS,PASS,PASS,PASS,PASS,PASS,13,3,3,EXPERIMENTAL,
U+E010C,VARIATION SELECTOR-29,Mn,var_sel_sup,4,PASS,PASS,PASS,PASS,PASS,PASS,PASS,PASS,PASS,PASS,PASS,PASS,PASS,13,3,3,EXPERIMENTAL,
U+E010D,VARIATION SELECTOR-30,Mn,var_sel_sup,4,PASS,PASS,PASS,PASS,PASS,PASS,PASS,PASS,PASS,PASS,PASS,PASS,PASS,13,3,3,EXPERIMENTAL,
U+E010E,VARIATION SELECTOR-31,Mn,var_sel_sup,4,PASS,PASS,PASS,PASS,PASS,PASS,PASS,PASS,PASS,PASS,PASS,PASS,PASS,13,3,3,EXPERIMENTAL,
U+E010F,VARIATION SELECTOR-32,Mn,var_sel_sup,4,PASS,PASS,PASS,PASS,PASS,PASS,PASS,PASS,PASS,PASS,PASS,PASS,PASS,13,3,3,EXPERIMENTAL,
U+E0110,VARIATION SELECTOR-33,Mn,var_sel_sup,4,PASS,PASS,PASS,PASS,PASS,PASS,PASS,PASS,PASS,PASS,PASS,PASS,PASS,13,3,3,EXPERIMENTAL,
U+E0111,VARIATION SELECTOR-34,Mn,var_sel_sup,4,PASS,PASS,PASS,PASS,PASS,PASS,PASS,PASS,PASS,PASS,PASS,PASS,PASS,13,3,3,EXPERIMENTAL,
U+E0112,VARIATION SELECTOR-35,Mn,var_sel_sup,4,PASS,PASS,PASS,PASS,PASS,PASS,PASS,PASS,PASS,PASS,PASS,PASS,PASS,13,3,3,EXPERIMENTAL,
U+E0113,VARIATION SELECTOR-36,Mn,var_sel_sup,4,PASS,PASS,PASS,PASS,PASS,PASS,PASS,PASS,PASS,PASS,PASS,PASS,PASS,13,3,3,EXPERIMENTAL,
U+E0114,VARIATION SELECTOR-37,Mn,var_sel_sup,4,PASS,PASS,PASS,PASS,PASS,PASS,PASS,PASS,PASS,PASS,PASS,PASS,PASS,13,3,3,EXPERIMENTAL,
U+E0115,VARIATION SELECTOR-38,Mn,var_sel_sup,4,PASS,PASS,PASS,PASS,PASS,PASS,PASS,PASS,PASS,PASS,PASS,PASS,PASS,13,3,3,EXPERIMENTAL,
U+E0116,VARIATION SELECTOR-39,Mn,var_sel_sup,4,PASS,PASS,PASS,PASS,PASS,PASS,PASS,PASS,PASS,PASS,PASS,PASS,PASS,13,3,3,EXPERIMENTAL,
U+E0117,VARIATION SELECTOR-40,Mn,var_sel_sup,4,PASS,PASS,PASS,PASS,PASS,PASS,PASS,PASS,PASS,PASS,PASS,PASS,PASS,13,3,3,EXPERIMENTAL,
U+E0118,VARIATION SELECTOR-41,Mn,var_sel_sup,4,PASS,PASS,PASS,PASS,PASS,PASS,PASS,PASS,PASS,PASS,PASS,PASS,PASS,13,3,3,EXPERIMENTAL,
U+E0119,VARIATION SELECTOR-42,Mn,var_sel_sup,4,PASS,PASS,PASS,PASS,PASS,PASS,PASS,PASS,PASS,PASS,PASS,PASS,PASS,13,3,3,EXPERIMENTAL,
U+E011A,VARIATION SELECTOR-43,Mn,var_sel_sup,4,PASS,PASS,PASS,PASS,PASS,PASS,PASS,PASS,PASS,PASS,PASS,PASS,PASS,13,3,3,EXPERIMENTAL,
U+E011B,VARIATION SELECTOR-44,Mn,var_sel_sup,4,PASS,PASS,PASS,PASS,PASS,PASS,PASS,PASS,PASS,PASS,PASS,PASS,PASS,13,3,3,EXPERIMENTAL,
U+E011C,VARIATION SELECTOR-45,Mn,var_sel_sup,4,PASS,PASS,PASS,PASS,PASS,PASS,PASS,PASS,PASS,PASS,PASS,PASS,PASS,13,3,3,EXPERIMENTAL,
U+E011D,VARIATION SELECTOR-46,Mn,var_sel_sup,4,PASS,PASS,PASS,PASS,PASS,PASS,PASS,PASS,PASS,PASS,PASS,PASS,PASS,13,3,3,EXPERIMENTAL,
U+E011E,VARIATION SELECTOR-47,Mn,var_sel_sup,4,PASS,PASS,PASS,PASS,PASS,PASS,PASS,PASS,PASS,PASS,PASS,PASS,PASS,13,3,3,EXPERIMENTAL,
U+E011F,VARIATION SELECTOR-48,Mn,var_sel_sup,4,PASS,PASS,PASS,PASS,PASS,PASS,PASS,PASS,PASS,PASS,PASS,PASS,PASS,13,3,3,EXPERIMENTAL,
U+E0120,VARIATION SELECTOR-49,Mn,var_sel_sup,4,PASS,PASS,PASS,PASS,PASS,PASS,PASS,PASS,PASS,PASS,PASS,PASS,PASS,13,3,3,EXPERIMENTAL,
U+E0121,VARIATION SELECTOR-50,Mn,var_sel_sup,4,PASS,PASS,PASS,PASS,PASS,PASS,PASS,PASS,PASS,PASS,PASS,PASS,PASS,13,3,3,EXPERIMENTAL,
U+E0122,VARIATION SELECTOR-51,Mn,var_sel_sup,4,PASS,PASS,PASS,PASS,PASS,PASS,PASS,PASS,PASS,PASS,PASS,PASS,PASS,13,3,3,EXPERIMENTAL,
U+E0123,VARIATION SELECTOR-52,Mn,var_sel_sup,4,PASS,PASS,PASS,PASS,PASS,PASS,PASS,PASS,PASS,PASS,PASS,PASS,PASS,13,3,3,EXPERIMENTAL,
U+E0124,VARIATION SELECTOR-53,Mn,var_sel_sup,4,PASS,PASS,PASS,PASS,PASS,PASS,PASS,PASS,PASS,PASS,PASS,PASS,PASS,13,3,3,EXPERIMENTAL,
U+E0125,VARIATION SELECTOR-54,Mn,var_sel_sup,4,PASS,PASS,PASS,PASS,PASS,PASS,PASS,PASS,PASS,PASS,PASS,PASS,PASS,13,3,3,EXPERIMENTAL,
U+E0126,VARIATION SELECTOR-55,Mn,var_sel_sup,4,PASS,PASS,PASS,PASS,PASS,PASS,PASS,PASS,PASS,PASS,PASS,PASS,PASS,13,3,3,EXPERIMENTAL,
U+E0127,VARIATION SELECTOR-56,Mn,var_sel_sup,4,PASS,PASS,PASS,PASS,PASS,PASS,PASS,PASS,PASS,PASS,PASS,PASS,PASS,13,3,3,EXPERIMENTAL,
U+E0128,VARIATION SELECTOR-57,Mn,var_sel_sup,4,PASS,PASS,PASS,PASS,PASS,PASS,PASS,PASS,PASS,PASS,PASS,PASS,PASS,13,3,3,EXPERIMENTAL,
U+E0129,VARIATION SELECTOR-58,Mn,var_sel_sup,4,PASS,PASS,PASS,PASS,PASS,PASS,PASS,PASS,PASS,PASS,PASS,PASS,PASS,13,3,3,EXPERIMENTAL,
U+E012A,VARIATION SELECTOR-59,Mn,var_sel_sup,4,PASS,PASS,PASS,PASS,PASS,PASS,PASS,PASS,PASS,PASS,PASS,PASS,PASS,13,3,3,EXPERIMENTAL,
U+E012B,VARIATION SELECTOR-60,Mn,var_sel_sup,4,PASS,PASS,PASS,PASS,PASS,PASS,PASS,PASS,PASS,PASS,PASS,PASS,PASS,13,3,3,EXPERIMENTAL,
U+E012C,VARIATION SELECTOR-61,Mn,var_sel_sup,4,PASS,PASS,PASS,PASS,PASS,PASS,PASS,PASS,PASS,PASS,PASS,PASS,PASS,13,3,3,EXPERIMENTAL,
U+E012D,VARIATION SELECTOR-62,Mn,var_sel_sup,4,PASS,PASS,PASS,PASS,PASS,PASS,PASS,PASS,PASS,PASS,PASS,PASS,PASS,13,3,3,EXPERIMENTAL,
U+E012E,VARIATION SELECTOR-63,Mn,var_sel_sup,4,PASS,PASS,PASS,PASS,PASS,PASS,PASS,PASS,PASS,PASS,PASS,PASS,PASS,13,3,3,EXPERIMENTAL,
U+E012F,VARIATION SELECTOR-64,Mn,var_sel_sup,4,PASS,PASS,PASS,PASS,PASS,PASS,PASS,PASS,PASS,PASS,PASS,PASS,PASS,13,3,3,EXPERIMENTAL,
U+E0130,VARIATION SELECTOR-65,Mn,var_sel_sup,4,PASS,PASS,PASS,PASS,PASS,PASS,PASS,PASS,PASS,PASS,PASS,PASS,PASS,13,3,3,EXPERIMENTAL,
U+E0131,VARIATION SELECTOR-66,Mn,var_sel_sup,4,PASS,PASS,PASS,PASS,PASS,PASS,PASS,PASS,PASS,PASS,PASS,PASS,PASS,13,3,3,EXPERIMENTAL,
U+E0132,VARIATION SELECTOR-67,Mn,var_sel_sup,4,PASS,PASS,PASS,PASS,PASS,PASS,PASS,PASS,PASS,PASS,PASS,PASS,PASS,13,3,3,EXPERIMENTAL,
U+E0133,VARIATION SELECTOR-68,Mn,var_sel_sup,4,PASS,PASS,PASS,PASS,PASS,PASS,PASS,PASS,PASS,PASS,PASS,PASS,PASS,13,3,3,EXPERIMENTAL,
U+E0134,VARIATION SELECTOR-69,Mn,var_sel_sup,4,PASS,PASS,PASS,PASS,PASS,PASS,PASS,PASS,PASS,PASS,PASS,PASS,PASS,13,3,3,EXPERIMENTAL,
U+E0135,VARIATION SELECTOR-70,Mn,var_sel_sup,4,PASS,PASS,PASS,PASS,PASS,PASS,PASS,PASS,PASS,PASS,PASS,PASS,PASS,13,3,3,EXPERIMENTAL,
U+E0136,VARIATION SELECTOR-71,Mn,var_sel_sup,4,PASS,PASS,PASS,PASS,PASS,PASS,PASS,PASS,PASS,PASS,PASS,PASS,PASS,13,3,3,EXPERIMENTAL,
U+E0137,VARIATION SELECTOR-72,Mn,var_sel_sup,4,PASS,PASS,PASS,PASS,PASS,PASS,PASS,PASS,PASS,PASS,PASS,PASS,PASS,13,3,3,EXPERIMENTAL,
U+E0138,VARIATION SELECTOR-73,Mn,var_sel_sup,4,PASS,PASS,PASS,PASS,PASS,PASS,PASS,PASS,PASS,PASS,PASS,PASS,PASS,13,3,3,EXPERIMENTAL,
U+E0139,VARIATION SELECTOR-74,Mn,var_sel_sup,4,PASS,PASS,PASS,PASS,PASS,PASS,PASS,PASS,PASS,PASS,PASS,PASS,PASS,13,3,3,EXPERIMENTAL,
U+E013A,VARIATION SELECTOR-75,Mn,var_sel_sup,4,PASS,PASS,PASS,PASS,PASS,PASS,PASS,PASS,PASS,PASS,PASS,PASS,PASS,13,3,3,EXPERIMENTAL,
U+E013B,VARIATION SELECTOR-76,Mn,var_sel_sup,4,PASS,PASS,PASS,PASS,PASS,PASS,PASS,PASS,PASS,PASS,PASS,PASS,PASS,13,3,3,EXPERIMENTAL,
U+E013C,VARIATION SELECTOR-77,Mn,var_sel_sup,4,PASS,PASS,PASS,PASS,PASS,PASS,PASS,PASS,PASS,PASS,PASS,PASS,PASS,13,3,3,EXPERIMENTAL,
U+E013D,VARIATION SELECTOR-78,Mn,var_sel_sup,4,PASS,PASS,PASS,PASS,PASS,PASS,PASS,PASS,PASS,PASS,PASS,PASS,PASS,13,3,3,EXPERIMENTAL,
U+E013E,VARIATION SELECTOR-79,Mn,var_sel_sup,4,PASS,PASS,PASS,PASS,PASS,PASS,PASS,PASS,PASS,PASS,PASS,PASS,PASS,13,3,3,EXPERIMENTAL,
U+E013F,VARIATION SELECTOR-80,Mn,var_sel_sup,4,PASS,PASS,PASS,PASS,PASS,PASS,PASS,PASS,PASS,PASS,PASS,PASS,PASS,13,3,3,EXPERIMENTAL,
U+E0140,VARIATION SELECTOR-81,Mn,var_sel_sup,4,PASS,PASS,PASS,PASS,PASS,PASS,PASS,PASS,PASS,PASS,PASS,PASS,PASS,13,3,3,EXPERIMENTAL,
U+E0141,VARIATION SELECTOR-82,Mn,var_sel_sup,4,PASS,PASS,PASS,PASS,PASS,PASS,PASS,PASS,PASS,PASS,PASS,PASS,PASS,13,3,3,EXPERIMENTAL,
U+E0142,VARIATION SELECTOR-83,Mn,var_sel_sup,4,PASS,PASS,PASS,PASS,PASS,PASS,PASS,PASS,PASS,PASS,PASS,PASS,PASS,13,3,3,EXPERIMENTAL,
U+E0143,VARIATION SELECTOR-84,Mn,var_sel_sup,4,PASS,PASS,PASS,PASS,PASS,PASS,PASS,PASS,PASS,PASS,PASS,PASS,PASS,13,3,3,EXPERIMENTAL,
U+E0144,VARIATION SELECTOR-85,Mn,var_sel_sup,4,PASS,PASS,PASS,PASS,PASS,PASS,PASS,PASS,PASS,PASS,PASS,PASS,PASS,13,3,3,EXPERIMENTAL,
U+E0145,VARIATION SELECTOR-86,Mn,var_sel_sup,4,PASS,PASS,PASS,PASS,PASS,PASS,PASS,PASS,PASS,PASS,PASS,PASS,PASS,13,3,3,EXPERIMENTAL,
U+E0146,VARIATION SELECTOR-87,Mn,var_sel_sup,4,PASS,PASS,PASS,PASS,PASS,PASS,PASS,PASS,PASS,PASS,PASS,PASS,PASS,13,3,3,EXPERIMENTAL,
U+E0147,VARIATION SELECTOR-88,Mn,var_sel_sup,4,PASS,PASS,PASS,PASS,PASS,PASS,PASS,PASS,PASS,PASS,PASS,PASS,PASS,13,3,3,EXPERIMENTAL,
U+E0148,VARIATION SELECTOR-89,Mn,var_sel_sup,4,PASS,PASS,PASS,PASS,PASS,PASS,PASS,PASS,PASS,PASS,PASS,PASS,PASS,13,3,3,EXPERIMENTAL,
U+E0149,VARIATION SELECTOR-90,Mn,var_sel_sup,4,PASS,PASS,PASS,PASS,PASS,PASS,PASS,PASS,PASS,PASS,PASS,PASS,PASS,13,3,3,EXPERIMENTAL,
U+E014A,VARIATION SELECTOR-91,Mn,var_sel_sup,4,PASS,PASS,PASS,PASS,PASS,PASS,PASS,PASS,PASS,PASS,PASS,PASS,PASS,13,3,3,EXPERIMENTAL,
U+E014B,VARIATION SELECTOR-92,Mn,var_sel_sup,4,PASS,PASS,PASS,PASS,PASS,PASS,PASS,PASS,PASS,PASS,PASS,PASS,PASS,13,3,3,EXPERIMENTAL,
U+E014C,VARIATION SELECTOR-93,Mn,var_sel_sup,4,PASS,PASS,PASS,PASS,PASS,PASS,PASS,PASS,PASS,PASS,PASS,PASS,PASS,13,3,3,EXPERIMENTAL,
U+E014D,VARIATION SELECTOR-94,Mn,var_sel_sup,4,PASS,PASS,PASS,PASS,PASS,PASS,PASS,PASS,PASS,PASS,PASS,PASS,PASS,13,3,3,EXPERIMENTAL,
U+E014E,VARIATION SELECTOR-95,Mn,var_sel_sup,4,PASS,PASS,PASS,PASS,PASS,PASS,PASS,PASS,PASS,PASS,PASS,PASS,PASS,13,3,3,EXPERIMENTAL,
U+E014F,VARIATION SELECTOR-96,Mn,var_sel_sup,4,PASS,PASS,PASS,PASS,PASS,PASS,PASS,PASS,PASS,PASS,PASS,PASS,PASS,13,3,3,EXPERIMENTAL,
U+E0150,VARIATION SELECTOR-97,Mn,var_sel_sup,4,PASS,PASS,PASS,PASS,PASS,PASS,PASS,PASS,PASS,PASS,PASS,PASS,PASS,13,3,3,EXPERIMENTAL,
U+E0151,VARIATION SELECTOR-98,Mn,var_sel_sup,4,PASS,PASS,PASS,PASS,PASS,PASS,PASS,PASS,PASS,PASS,PASS,PASS,PASS,13,3,3,EXPERIMENTAL,
U+E0152,VARIATION SELECTOR-99,Mn,var_sel_sup,4,PASS,PASS,PASS,PASS,PASS,PASS,PASS,PASS,PASS,PASS,PASS,PASS,PASS,13,3,3,EXPERIMENTAL,
U+E0153,VARIATION SELECTOR-100,Mn,var_sel_sup,4,PASS,PASS,PASS,PASS,PASS,PASS,PASS,PASS,PASS,PASS,PASS,PASS,PASS,13,3,3,EXPERIMENTAL,
U+E0154,VARIATION SELECTOR-101,Mn,var_sel_sup,4,PASS,PASS,PASS,PASS,PASS,PASS,PASS,PASS,PASS,PASS,PASS,PASS,PASS,13,3,3,EXPERIMENTAL,
U+E0155,VARIATION SELECTOR-102,Mn,var_sel_sup,4,PASS,PASS,PASS,PASS,PASS,PASS,PASS,PASS,PASS,PASS,PASS,PASS,PASS,13,3,3,EXPERIMENTAL,
U+E0156,VARIATION SELECTOR-103,Mn,var_sel_sup,4,PASS,PASS,PASS,PASS,PASS,PASS,PASS,PASS,PASS,PASS,PASS,PASS,PASS,13,3,3,EXPERIMENTAL,
U+E0157,VARIATION SELECTOR-104,Mn,var_sel_sup,4,PASS,PASS,PASS,PASS,PASS,PASS,PASS,PASS,PASS,PASS,PASS,PASS,PASS,13,3,3,EXPERIMENTAL,
U+E0158,VARIATION SELECTOR-105,Mn,var_sel_sup,4,PASS,PASS,PASS,PASS,PASS,PASS,PASS,PASS,PASS,PASS,PASS,PASS,PASS,13,3,3,EXPERIMENTAL,
U+E0159,VARIATION SELECTOR-106,Mn,var_sel_sup,4,PASS,PASS,PASS,PASS,PASS,PASS,PASS,PASS,PASS,PASS,PASS,PASS,PASS,13,3,3,EXPERIMENTAL,
U+E015A,VARIATION SELECTOR-107,Mn,var_sel_sup,4,PASS,PASS,PASS,PASS,PASS,PASS,PASS,PASS,PASS,PASS,PASS,PASS,PASS,13,3,3,EXPERIMENTAL,
U+E015B,VARIATION SELECTOR-108,Mn,var_sel_sup,4,PASS,PASS,PASS,PASS,PASS,PASS,PASS,PASS,PASS,PASS,PASS,PASS,PASS,13,3,3,EXPERIMENTAL,
U+E015C,VARIATION SELECTOR-109,Mn,var_sel_sup,4,PASS,PASS,PASS,PASS,PASS,PASS,PASS,PASS,PASS,PASS,PASS,PASS,PASS,13,3,3,EXPERIMENTAL,
U+E015D,VARIATION SELECTOR-110,Mn,var_sel_sup,4,PASS,PASS,PASS,PASS,PASS,PASS,PASS,PASS,PASS,PASS,PASS,PASS,PASS,13,3,3,EXPERIMENTAL,
U+E015E,VARIATION SELECTOR-111,Mn,var_sel_sup,4,PASS,PASS,PASS,PASS,PASS,PASS,PASS,PASS,PASS,PASS,PASS,PASS,PASS,13,3,3,EXPERIMENTAL,
U+E015F,VARIATION SELECTOR-112,Mn,var_sel_sup,4,PASS,PASS,PASS,PASS,PASS,PASS,PASS,PASS,PASS,PASS,PASS,PASS,PASS,13,3,3,EXPERIMENTAL,
U+E0160,VARIATION SELECTOR-113,Mn,var_sel_sup,4,PASS,PASS,PASS,PASS,PASS,PASS,PASS,PASS,PASS,PASS,PASS,PASS,PASS,13,3,3,EXPERIMENTAL,
U+E0161,VARIATION SELECTOR-114,Mn,var_sel_sup,4,PASS,PASS,PASS,PASS,PASS,PASS,PASS,PASS,PASS,PASS,PASS,PASS,PASS,13,3,3,EXPERIMENTAL,
U+E0162,VARIATION SELECTOR-115,Mn,var_sel_sup,4,PASS,PASS,PASS,PASS,PASS,PASS,PASS,PASS,PASS,PASS,PASS,PASS,PASS,13,3,3,EXPERIMENTAL,
U+E0163,VARIATION SELECTOR-116,Mn,var_sel_sup,4,PASS,PASS,PASS,PASS,PASS,PASS,PASS,PASS,PASS,PASS,PASS,PASS,PASS,13,3,3,EXPERIMENTAL,
U+E0164,VARIATION SELECTOR-117,Mn,var_sel_sup,4,PASS,PASS,PASS,PASS,PASS,PASS,PASS,PASS,PASS,PASS,PASS,PASS,PASS,13,3,3,EXPERIMENTAL,
U+E0165,VARIATION SELECTOR-118,Mn,var_sel_sup,4,PASS,PASS,PASS,PASS,PASS,PASS,PASS,PASS,PASS,PASS,PASS,PASS,PASS,13,3,3,EXPERIMENTAL,
U+E0166,VARIATION SELECTOR-119,Mn,var_sel_sup,4,PASS,PASS,PASS,PASS,PASS,PASS,PASS,PASS,PASS,PASS,PASS,PASS,PASS,13,3,3,EXPERIMENTAL,
U+E0167,VARIATION SELECTOR-120,Mn,var_sel_sup,4,PASS,PASS,PASS,PASS,PASS,PASS,PASS,PASS,PASS,PASS,PASS,PASS,PASS,13,3,3,EXPERIMENTAL,
U+E0168,VARIATION SELECTOR-121,Mn,var_sel_sup,4,PASS,PASS,PASS,PASS,PASS,PASS,PASS,PASS,PASS,PASS,PASS,PASS,PASS,13,3,3,EXPERIMENTAL,
U+E0169,VARIATION SELECTOR-122,Mn,var_sel_sup,4,PASS,PASS,PASS,PASS,PASS,PASS,PASS,PASS,PASS,PASS,PASS,PASS,PASS,13,3,3,EXPERIMENTAL,
U+E016A,VARIATION SELECTOR-123,Mn,var_sel_sup,4,PASS,PASS,PASS,PASS,PASS,PASS,PASS,PASS,PASS,PASS,PASS,PASS,PASS,13,3,3,EXPERIMENTAL,
U+E016B,VARIATION SELECTOR-124,Mn,var_sel_sup,4,PASS,PASS,PASS,PASS,PASS,PASS,PASS,PASS,PASS,PASS,PASS,PASS,PASS,13,3,3,EXPERIMENTAL,
U+E016C,VARIATION SELECTOR-125,Mn,var_sel_sup,4,PASS,PASS,PASS,PASS,PASS,PASS,PASS,PASS,PASS,PASS,PASS,PASS,PASS,13,3,3,EXPERIMENTAL,
U+E016D,VARIATION SELECTOR-126,Mn,var_sel_sup,4,PASS,PASS,PASS,PASS,PASS,PASS,PASS,PASS,PASS,PASS,PASS,PASS,PASS,13,3,3,EXPERIMENTAL,
U+E016E,VARIATION SELECTOR-127,Mn,var_sel_sup,4,PASS,PASS,PASS,PASS,PASS,PASS,PASS,PASS,PASS,PASS,PASS,PASS,PASS,13,3,3,EXPERIMENTAL,
U+E016F,VARIATION SELECTOR-128,Mn,var_sel_sup,4,PASS,PASS,PASS,PASS,PASS,PASS,PASS,PASS,PASS,PASS,PASS,PASS,PASS,13,3,3,EXPERIMENTAL,
U+E0170,VARIATION SELECTOR-129,Mn,var_sel_sup,4,PASS,PASS,PASS,PASS,PASS,PASS,PASS,PASS,PASS,PASS,PASS,PASS,PASS,13,3,3,EXPERIMENTAL,
U+E0171,VARIATION SELECTOR-130,Mn,var_sel_sup,4,PASS,PASS,PASS,PASS,PASS,PASS,PASS,PASS,PASS,PASS,PASS,PASS,PASS,13,3,3,EXPERIMENTAL,
U+E0172,VARIATION SELECTOR-131,Mn,var_sel_sup,4,PASS,PASS,PASS,PASS,PASS,PASS,PASS,PASS,PASS,PASS,PASS,PASS,PASS,13,3,3,EXPERIMENTAL,
U+E0173,VARIATION SELECTOR-132,Mn,var_sel_sup,4,PASS,PASS,PASS,PASS,PASS,PASS,PASS,PASS,PASS,PASS,PASS,PASS,PASS,13,3,3,EXPERIMENTAL,
U+E0174,VARIATION SELECTOR-133,Mn,var_sel_sup,4,PASS,PASS,PASS,PASS,PASS,PASS,PASS,PASS,PASS,PASS,PASS,PASS,PASS,13,3,3,EXPERIMENTAL,
U+E0175,VARIATION SELECTOR-134,Mn,var_sel_sup,4,PASS,PASS,PASS,PASS,PASS,PASS,PASS,PASS,PASS,PASS,PASS,PASS,PASS,13,3,3,EXPERIMENTAL,
U+E0176,VARIATION SELECTOR-135,Mn,var_sel_sup,4,PASS,PASS,PASS,PASS,PASS,PASS,PASS,PASS,PASS,PASS,PASS,PASS,PASS,13,3,3,EXPERIMENTAL,
U+E0177,VARIATION SELECTOR-136,Mn,var_sel_sup,4,PASS,PASS,PASS,PASS,PASS,PASS,PASS,PASS,PASS,PASS,PASS,PASS,PASS,13,3,3,EXPERIMENTAL,
U+E0178,VARIATION SELECTOR-137,Mn,var_sel_sup,4,PASS,PASS,PASS,PASS,PASS,PASS,PASS,PASS,PASS,PASS,PASS,PASS,PASS,13,3,3,EXPERIMENTAL,
U+E0179,VARIATION SELECTOR-138,Mn,var_sel_sup,4,PASS,PASS,PASS,PASS,PASS,PASS,PASS,PASS,PASS,PASS,PASS,PASS,PASS,13,3,3,EXPERIMENTAL,
U+E017A,VARIATION SELECTOR-139,Mn,var_sel_sup,4,PASS,PASS,PASS,PASS,PASS,PASS,PASS,PASS,PASS,PASS,PASS,PASS,PASS,13,3,3,EXPERIMENTAL,
U+E017B,VARIATION SELECTOR-140,Mn,var_sel_sup,4,PASS,PASS,PASS,PASS,PASS,PASS,PASS,PASS,PASS,PASS,PASS,PASS,PASS,13,3,3,EXPERIMENTAL,
U+E017C,VARIATION SELECTOR-141,Mn,var_sel_sup,4,PASS,PASS,PASS,PASS,PASS,PASS,PASS,PASS,PASS,PASS,PASS,PASS,PASS,13,3,3,EXPERIMENTAL,
U+E017D,VARIATION SELECTOR-142,Mn,var_sel_sup,4,PASS,PASS,PASS,PASS,PASS,PASS,PASS,PASS,PASS,PASS,PASS,PASS,PASS,13,3,3,EXPERIMENTAL,
U+E017E,VARIATION SELECTOR-143,Mn,var_sel_sup,4,PASS,PASS,PASS,PASS,PASS,PASS,PASS,PASS,PASS,PASS,PASS,PASS,PASS,13,3,3,EXPERIMENTAL,
U+E017F,VARIATION SELECTOR-144,Mn,var_sel_sup,4,PASS,PASS,PASS,PASS,PASS,PASS,PASS,PASS,PASS,PASS,PASS,PASS,PASS,13,3,3,EXPERIMENTAL,
U+E0180,VARIATION SELECTOR-145,Mn,var_sel_sup,4,PASS,PASS,PASS,PASS,PASS,PASS,PASS,PASS,PASS,PASS,PASS,PASS,PASS,13,3,3,EXPERIMENTAL,
U+E0181,VARIATION SELECTOR-146,Mn,var_sel_sup,4,PASS,PASS,PASS,PASS,PASS,PASS,PASS,PASS,PASS,PASS,PASS,PASS,PASS,13,3,3,EXPERIMENTAL,
U+E0182,VARIATION SELECTOR-147,Mn,var_sel_sup,4,PASS,PASS,PASS,PASS,PASS,PASS,PASS,PASS,PASS,PASS,PASS,PASS,PASS,13,3,3,EXPERIMENTAL,
U+E0183,VARIATION SELECTOR-148,Mn,var_sel_sup,4,PASS,PASS,PASS,PASS,PASS,PASS,PASS,PASS,PASS,PASS,PASS,PASS,PASS,13,3,3,EXPERIMENTAL,
U+E0184,VARIATION SELECTOR-149,Mn,var_sel_sup,4,PASS,PASS,PASS,PASS,PASS,PASS,PASS,PASS,PASS,PASS,PASS,PASS,PASS,13,3,3,EXPERIMENTAL,
U+E0185,VARIATION SELECTOR-150,Mn,var_sel_sup,4,PASS,PASS,PASS,PASS,PASS,PASS,PASS,PASS,PASS,PASS,PASS,PASS,PASS,13,3,3,EXPERIMENTAL,
U+E0186,VARIATION SELECTOR-151,Mn,var_sel_sup,4,PASS,PASS,PASS,PASS,PASS,PASS,PASS,PASS,PASS,PASS,PASS,PASS,PASS,13,3,3,EXPERIMENTAL,
U+E0187,VARIATION SELECTOR-152,Mn,var_sel_sup,4,PASS,PASS,PASS,PASS,PASS,PASS,PASS,PASS,PASS,PASS,PASS,PASS,PASS,13,3,3,EXPERIMENTAL,
U+E0188,VARIATION SELECTOR-153,Mn,var_sel_sup,4,PASS,PASS,PASS,PASS,PASS,PASS,PASS,PASS,PASS,PASS,PASS,PASS,PASS,13,3,3,EXPERIMENTAL,
U+E0189,VARIATION SELECTOR-154,Mn,var_sel_sup,4,PASS,PASS,PASS,PASS,PASS,PASS,PASS,PASS,PASS,PASS,PASS,PASS,PASS,13,3,3,EXPERIMENTAL,
U+E018A,VARIATION SELECTOR-155,Mn,var_sel_sup,4,PASS,PASS,PASS,PASS,PASS,PASS,PASS,PASS,PASS,PASS,PASS,PASS,PASS,13,3,3,EXPERIMENTAL,
U+E018B,VARIATION SELECTOR-156,Mn,var_sel_sup,4,PASS,PASS,PASS,PASS,PASS,PASS,PASS,PASS,PASS,PASS,PASS,PASS,PASS,13,3,3,EXPERIMENTAL,
U+E018C,VARIATION SELECTOR-157,Mn,var_sel_sup,4,PASS,PASS,PASS,PASS,PASS,PASS,PASS,PASS,PASS,PASS,PASS,PASS,PASS,13,3,3,EXPERIMENTAL,
U+E018D,VARIATION SELECTOR-158,Mn,var_sel_sup,4,PASS,PASS,PASS,PASS,PASS,PASS,PASS,PASS,PASS,PASS,PASS,PASS,PASS,13,3,3,EXPERIMENTAL,
U+E018E,VARIATION SELECTOR-159,Mn,var_sel_sup,4,PASS,PASS,PASS,PASS,PASS,PASS,PASS,PASS,PASS,PASS,PASS,PASS,PASS,13,3,3,EXPERIMENTAL,
U+E018F,VARIATION SELECTOR-160,Mn,var_sel_sup,4,PASS,PASS,PASS,PASS,PASS,PASS,PASS,PASS,PASS,PASS,PASS,PASS,PASS,13,3,3,EXPERIMENTAL,
U+E0190,VARIATION SELECTOR-161,Mn,var_sel_sup,4,PASS,PASS,PASS,PASS,PASS,PASS,PASS,PASS,PASS,PASS,PASS,PASS,PASS,13,3,3,EXPERIMENTAL,
U+E0191,VARIATION SELECTOR-162,Mn,var_sel_sup,4,PASS,PASS,PASS,PASS,PASS,PASS,PASS,PASS,PASS,PASS,PASS,PASS,PASS,13,3,3,EXPERIMENTAL,
U+E0192,VARIATION SELECTOR-163,Mn,var_sel_sup,4,PASS,PASS,PASS,PASS,PASS,PASS,PASS,PASS,PASS,PASS,PASS,PASS,PASS,13,3,3,EXPERIMENTAL,
U+E0193,VARIATION SELECTOR-164,Mn,var_sel_sup,4,PASS,PASS,PASS,PASS,PASS,PASS,PASS,PASS,PASS,PASS,PASS,PASS,PASS,13,3,3,EXPERIMENTAL,
U+E0194,VARIATION SELECTOR-165,Mn,var_sel_sup,4,PASS,PASS,PASS,PASS,PASS,PASS,PASS,PASS,PASS,PASS,PASS,PASS,PASS,13,3,3,EXPERIMENTAL,
U+E0195,VARIATION SELECTOR-166,Mn,var_sel_sup,4,PASS,PASS,PASS,PASS,PASS,PASS,PASS,PASS,PASS,PASS,PASS,PASS,PASS,13,3,3,EXPERIMENTAL,
U+E0196,VARIATION SELECTOR-167,Mn,var_sel_sup,4,PASS,PASS,PASS,PASS,PASS,PASS,PASS,PASS,PASS,PASS,PASS,PASS,PASS,13,3,3,EXPERIMENTAL,
U+E0197,VARIATION SELECTOR-168,Mn,var_sel_sup,4,PASS,PASS,PASS,PASS,PASS,PASS,PASS,PASS,PASS,PASS,PASS,PASS,PASS,13,3,3,EXPERIMENTAL,
U+E0198,VARIATION SELECTOR-169,Mn,var_sel_sup,4,PASS,PASS,PASS,PASS,PASS,PASS,PASS,PASS,PASS,PASS,PASS,PASS,PASS,13,3,3,EXPERIMENTAL,
U+E0199,VARIATION SELECTOR-170,Mn,var_sel_sup,4,PASS,PASS,PASS,PASS,PASS,PASS,PASS,PASS,PASS,PASS,PASS,PASS,PASS,13,3,3,EXPERIMENTAL,
U+E019A,VARIATION SELECTOR-171,Mn,var_sel_sup,4,PASS,PASS,PASS,PASS,PASS,PASS,PASS,PASS,PASS,PASS,PASS,PASS,PASS,13,3,3,EXPERIMENTAL,
U+E019B,VARIATION SELECTOR-172,Mn,var_sel_sup,4,PASS,PASS,PASS,PASS,PASS,PASS,PASS,PASS,PASS,PASS,PASS,PASS,PASS,13,3,3,EXPERIMENTAL,
U+E019C,VARIATION SELECTOR-173,Mn,var_sel_sup,4,PASS,PASS,PASS,PASS,PASS,PASS,PASS,PASS,PASS,PASS,PASS,PASS,PASS,13,3,3,EXPERIMENTAL,
U+E019D,VARIATION SELECTOR-174,Mn,var_sel_sup,4,PASS,PASS,PASS,PASS,PASS,PASS,PASS,PASS,PASS,PASS,PASS,PASS,PASS,13,3,3,EXPERIMENTAL,
U+E019E,VARIATION SELECTOR-175,Mn,var_sel_sup,4,PASS,PASS,PASS,PASS,PASS,PASS,PASS,PASS,PASS,PASS,PASS,PASS,PASS,13,3,3,EXPERIMENTAL,
U+E019F,VARIATION SELECTOR-176,Mn,var_sel_sup,4,PASS,PASS,PASS,PASS,PASS,PASS,PASS,PASS,PASS,PASS,PASS,PASS,PASS,13,3,3,EXPERIMENTAL,
U+E01A0,VARIATION SELECTOR-177,Mn,var_sel_sup,4,PASS,PASS,PASS,PASS,PASS,PASS,PASS,PASS,PASS,PASS,PASS,PASS,PASS,13,3,3,EXPERIMENTAL,
U+E01A1,VARIATION SELECTOR-178,Mn,var_sel_sup,4,PASS,PASS,PASS,PASS,PASS,PASS,PASS,PASS,PASS,PASS,PASS,PASS,PASS,13,3,3,EXPERIMENTAL,
U+E01A2,VARIATION SELECTOR-179,Mn,var_sel_sup,4,PASS,PASS,PASS,PASS,PASS,PASS,PASS,PASS,PASS,PASS,PASS,PASS,PASS,13,3,3,EXPERIMENTAL,
U+E01A3,VARIATION SELECTOR-180,Mn,var_sel_sup,4,PASS,PASS,PASS,PASS,PASS,PASS,PASS,PASS,PASS,PASS,PASS,PASS,PASS,13,3,3,EXPERIMENTAL,
U+E01A4,VARIATION SELECTOR-181,Mn,var_sel_sup,4,PASS,PASS,PASS,PASS,PASS,PASS,PASS,PASS,PASS,PASS,PASS,PASS,PASS,13,3,3,EXPERIMENTAL,
U+E01A5,VARIATION SELECTOR-182,Mn,var_sel_sup,4,PASS,PASS,PASS,PASS,PASS,PASS,PASS,PASS,PASS,PASS,PASS,PASS,PASS,13,3,3,EXPERIMENTAL,
U+E01A6,VARIATION SELECTOR-183,Mn,var_sel_sup,4,PASS,PASS,PASS,PASS,PASS,PASS,PASS,PASS,PASS,PASS,PASS,PASS,PASS,13,3,3,EXPERIMENTAL,
U+E01A7,VARIATION SELECTOR-184,Mn,var_sel_sup,4,PASS,PASS,PASS,PASS,PASS,PASS,PASS,PASS,PASS,PASS,PASS,PASS,PASS,13,3,3,EXPERIMENTAL,
U+E01A8,VARIATION SELECTOR-185,Mn,var_sel_sup,4,PASS,PASS,PASS,PASS,PASS,PASS,PASS,PASS,PASS,PASS,PASS,PASS,PASS,13,3,3,EXPERIMENTAL,
U+E01A9,VARIATION SELECTOR-186,Mn,var_sel_sup,4,PASS,PASS,PASS,PASS,PASS,PASS,PASS,PASS,PASS,PASS,PASS,PASS,PASS,13,3,3,EXPERIMENTAL,
U+E01AA,VARIATION SELECTOR-187,Mn,var_sel_sup,4,PASS,PASS,PASS,PASS,PASS,PASS,PASS,PASS,PASS,PASS,PASS,PASS,PASS,13,3,3,EXPERIMENTAL,
U+E01AB,VARIATION SELECTOR-188,Mn,var_sel_sup,4,PASS,PASS,PASS,PASS,PASS,PASS,PASS,PASS,PASS,PASS,PASS,PASS,PASS,13,3,3,EXPERIMENTAL,
U+E01AC,VARIATION SELECTOR-189,Mn,var_sel_sup,4,PASS,PASS,PASS,PASS,PASS,PASS,PASS,PASS,PASS,PASS,PASS,PASS,PASS,13,3,3,EXPERIMENTAL,
U+E01AD,VARIATION SELECTOR-190,Mn,var_sel_sup,4,PASS,PASS,PASS,PASS,PASS,PASS,PASS,PASS,PASS,PASS,PASS,PASS,PASS,13,3,3,EXPERIMENTAL,
U+E01AE,VARIATION SELECTOR-191,Mn,var_sel_sup,4,PASS,PASS,PASS,PASS,PASS,PASS,PASS,PASS,PASS,PASS,PASS,PASS,PASS,13,3,3,EXPERIMENTAL,
U+E01AF,VARIATION SELECTOR-192,Mn,var_sel_sup,4,PASS,PASS,PASS,PASS,PASS,PASS,PASS,PASS,PASS,PASS,PASS,PASS,PASS,13,3,3,EXPERIMENTAL,
U+E01B0,VARIATION SELECTOR-193,Mn,var_sel_sup,4,PASS,PASS,PASS,PASS,PASS,PASS,PASS,PASS,PASS,PASS,PASS,PASS,PASS,13,3,3,EXPERIMENTAL,
U+E01B1,VARIATION SELECTOR-194,Mn,var_sel_sup,4,PASS,PASS,PASS,PASS,PASS,PASS,PASS,PASS,PASS,PASS,PASS,PASS,PASS,13,3,3,EXPERIMENTAL,
U+E01B2,VARIATION SELECTOR-195,Mn,var_sel_sup,4,PASS,PASS,PASS,PASS,PASS,PASS,PASS,PASS,PASS,PASS,PASS,PASS,PASS,13,3,3,EXPERIMENTAL,
U+E01B3,VARIATION SELECTOR-196,Mn,var_sel_sup,4,PASS,PASS,PASS,PASS,PASS,PASS,PASS,PASS,PASS,PASS,PASS,PASS,PASS,13,3,3,EXPERIMENTAL,
U+E01B4,VARIATION SELECTOR-197,Mn,var_sel_sup,4,PASS,PASS,PASS,PASS,PASS,PASS,PASS,PASS,PASS,PASS,PASS,PASS,PASS,13,3,3,EXPERIMENTAL,
U+E01B5,VARIATION SELECTOR-198,Mn,var_sel_sup,4,PASS,PASS,PASS,PASS,PASS,PASS,PASS,PASS,PASS,PASS,PASS,PASS,PASS,13,3,3,EXPERIMENTAL,
U+E01B6,VARIATION SELECTOR-199,Mn,var_sel_sup,4,PASS,PASS,PASS,PASS,PASS,PASS,PASS,PASS,PASS,PASS,PASS,PASS,PASS,13,3,3,EXPERIMENTAL,
U+E01B7,VARIATION SELECTOR-200,Mn,var_sel_sup,4,PASS,PASS,PASS,PASS,PASS,PASS,PASS,PASS,PASS,PASS,PASS,PASS,PASS,13,3,3,EXPERIMENTAL,
U+E01B8,VARIATION SELECTOR-201,Mn,var_sel_sup,4,PASS,PASS,PASS,PASS,PASS,PASS,PASS,PASS,PASS,PASS,PASS,PASS,PASS,13,3,3,EXPERIMENTAL,
U+E01B9,VARIATION SELECTOR-202,Mn,var_sel_sup,4,PASS,PASS,PASS,PASS,PASS,PASS,PASS,PASS,PASS,PASS,PASS,PASS,PASS,13,3,3,EXPERIMENTAL,
U+E01BA,VARIATION SELECTOR-203,Mn,var_sel_sup,4,PASS,PASS,PASS,PASS,PASS,PASS,PASS,PASS,PASS,PASS,PASS,PASS,PASS,13,3,3,EXPERIMENTAL,
U+E01BB,VARIATION SELECTOR-204,Mn,var_sel_sup,4,PASS,PASS,PASS,PASS,PASS,PASS,PASS,PASS,PASS,PASS,PASS,PASS,PASS,13,3,3,EXPERIMENTAL,
U+E01BC,VARIATION SELECTOR-205,Mn,var_sel_sup,4,PASS,PASS,PASS,PASS,PASS,PASS,PASS,PASS,PASS,PASS,PASS,PASS,PASS,13,3,3,EXPERIMENTAL,
U+E01BD,VARIATION SELECTOR-206,Mn,var_sel_sup,4,PASS,PASS,PASS,PASS,PASS,PASS,PASS,PASS,PASS,PASS,PASS,PASS,PASS,13,3,3,EXPERIMENTAL,
U+E01BE,VARIATION SELECTOR-207,Mn,var_sel_sup,4,PASS,PASS,PASS,PASS,PASS,PASS,PASS,PASS,PASS,PASS,PASS,PASS,PASS,13,3,3,EXPERIMENTAL,
U+E01BF,VARIATION SELECTOR-208,Mn,var_sel_sup,4,PASS,PASS,PASS,PASS,PASS,PASS,PASS,PASS,PASS,PASS,PASS,PASS,PASS,13,3,3,EXPERIMENTAL,
U+E01C0,VARIATION SELECTOR-209,Mn,var_sel_sup,4,PASS,PASS,PASS,PASS,PASS,PASS,PASS,PASS,PASS,PASS,PASS,PASS,PASS,13,3,3,EXPERIMENTAL,
U+E01C1,VARIATION SELECTOR-210,Mn,var_sel_sup,4,PASS,PASS,PASS,PASS,PASS,PASS,PASS,PASS,PASS,PASS,PASS,PASS,PASS,13,3,3,EXPERIMENTAL,
U+E01C2,VARIATION SELECTOR-211,Mn,var_sel_sup,4,PASS,PASS,PASS,PASS,PASS,PASS,PASS,PASS,PASS,PASS,PASS,PASS,PASS,13,3,3,EXPERIMENTAL,
U+E01C3,VARIATION SELECTOR-212,Mn,var_sel_sup,4,PASS,PASS,PASS,PASS,PASS,PASS,PASS,PASS,PASS,PASS,PASS,PASS,PASS,13,3,3,EXPERIMENTAL,
U+E01C4,VARIATION SELECTOR-213,Mn,var_sel_sup,4,PASS,PASS,PASS,PASS,PASS,PASS,PASS,PASS,PASS,PASS,PASS,PASS,PASS,13,3,3,EXPERIMENTAL,
U+E01C5,VARIATION SELECTOR-214,Mn,var_sel_sup,4,PASS,PASS,PASS,PASS,PASS,PASS,PASS,PASS,PASS,PASS,PASS,PASS,PASS,13,3,3,EXPERIMENTAL,
U+E01C6,VARIATION SELECTOR-215,Mn,var_sel_sup,4,PASS,PASS,PASS,PASS,PASS,PASS,PASS,PASS,PASS,PASS,PASS,PASS,PASS,13,3,3,EXPERIMENTAL,
U+E01C7,VARIATION SELECTOR-216,Mn,var_sel_sup,4,PASS,PASS,PASS,PASS,PASS,PASS,PASS,PASS,PASS,PASS,PASS,PASS,PASS,13,3,3,EXPERIMENTAL,
U+E01C8,VARIATION SELECTOR-217,Mn,var_sel_sup,4,PASS,PASS,PASS,PASS,PASS,PASS,PASS,PASS,PASS,PASS,PASS,PASS,PASS,13,3,3,EXPERIMENTAL,
U+E01C9,VARIATION SELECTOR-218,Mn,var_sel_sup,4,PASS,PASS,PASS,PASS,PASS,PASS,PASS,PASS,PASS,PASS,PASS,PASS,PASS,13,3,3,EXPERIMENTAL,
U+E01CA,VARIATION SELECTOR-219,Mn,var_sel_sup,4,PASS,PASS,PASS,PASS,PASS,PASS,PASS,PASS,PASS,PASS,PASS,PASS,PASS,13,3,3,EXPERIMENTAL,
U+E01CB,VARIATION SELECTOR-220,Mn,var_sel_sup,4,PASS,PASS,PASS,PASS,PASS,PASS,PASS,PASS,PASS,PASS,PASS,PASS,PASS,13,3,3,EXPERIMENTAL,
U+E01CC,VARIATION SELECTOR-221,Mn,var_sel_sup,4,PASS,PASS,PASS,PASS,PASS,PASS,PASS,PASS,PASS,PASS,PASS,PASS,PASS,13,3,3,EXPERIMENTAL,
U+E01CD,VARIATION SELECTOR-222,Mn,var_sel_sup,4,PASS,PASS,PASS,PASS,PASS,PASS,PASS,PASS,PASS,PASS,PASS,PASS,PASS,13,3,3,EXPERIMENTAL,
U+E01CE,VARIATION SELECTOR-223,Mn,var_sel_sup,4,PASS,PASS,PASS,PASS,PASS,PASS,PASS,PASS,PASS,PASS,PASS,PASS,PASS,13,3,3,EXPERIMENTAL,
U+E01CF,VARIATION SELECTOR-224,Mn,var_sel_sup,4,PASS,PASS,PASS,PASS,PASS,PASS,PASS,PASS,PASS,PASS,PASS,PASS,PASS,13,3,3,EXPERIMENTAL,
U+E01D0,VARIATION SELECTOR-225,Mn,var_sel_sup,4,PASS,PASS,PASS,PASS,PASS,PASS,PASS,PASS,PASS,PASS,PASS,PASS,PASS,13,3,3,EXPERIMENTAL,
U+E01D1,VARIATION SELECTOR-226,Mn,var_sel_sup,4,PASS,PASS,PASS,PASS,PASS,PASS,PASS,PASS,PASS,PASS,PASS,PASS,PASS,13,3,3,EXPERIMENTAL,
U+E01D2,VARIATION SELECTOR-227,Mn,var_sel_sup,4,PASS,PASS,PASS,PASS,PASS,PASS,PASS,PASS,PASS,PASS,PASS,PASS,PASS,13,3,3,EXPERIMENTAL,
U+E01D3,VARIATION SELECTOR-228,Mn,var_sel_sup,4,PASS,PASS,PASS,PASS,PASS,PASS,PASS,PASS,PASS,PASS,PASS,PASS,PASS,13,3,3,EXPERIMENTAL,
U+E01D4,VARIATION SELECTOR-229,Mn,var_sel_sup,4,PASS,PASS,PASS,PASS,PASS,PASS,PASS,PASS,PASS,PASS,PASS,PASS,PASS,13,3,3,EXPERIMENTAL,
U+E01D5,VARIATION SELECTOR-230,Mn,var_sel_sup,4,PASS,PASS,PASS,PASS,PASS,PASS,PASS,PASS,PASS,PASS,PASS,PASS,PASS,13,3,3,EXPERIMENTAL,
U+E01D6,VARIATION SELECTOR-231,Mn,var_sel_sup,4,PASS,PASS,PASS,PASS,PASS,PASS,PASS,PASS,PASS,PASS,PASS,PASS,PASS,13,3,3,EXPERIMENTAL,
U+E01D7,VARIATION SELECTOR-232,Mn,var_sel_sup,4,PASS,PASS,PASS,PASS,PASS,PASS,PASS,PASS,PASS,PASS,PASS,PASS,PASS,13,3,3,EXPERIMENTAL,
U+E01D8,VARIATION SELECTOR-233,Mn,var_sel_sup,4,PASS,PASS,PASS,PASS,PASS,PASS,PASS,PASS,PASS,PASS,PASS,PASS,PASS,13,3,3,EXPERIMENTAL,
U+E01D9,VARIATION SELECTOR-234,Mn,var_sel_sup,4,PASS,PASS,PASS,PASS,PASS,PASS,PASS,PASS,PASS,PASS,PASS,PASS,PASS,13,3,3,EXPERIMENTAL,
U+E01DA,VARIATION SELECTOR-235,Mn,var_sel_sup,4,PASS,PASS,PASS,PASS,PASS,PASS,PASS,PASS,PASS,PASS,PASS,PASS,PASS,13,3,3,EXPERIMENTAL,
U+E01DB,VARIATION SELECTOR-236,Mn,var_sel_sup,4,PASS,PASS,PASS,PASS,PASS,PASS,PASS,PASS,PASS,PASS,PASS,PASS,PASS,13,3,3,EXPERIMENTAL,
U+E01DC,VARIATION SELECTOR-237,Mn,var_sel_sup,4,PASS,PASS,PASS,PASS,PASS,PASS,PASS,PASS,PASS,PASS,PASS,PASS,PASS,13,3,3,EXPERIMENTAL,
U+E01DD,VARIATION SELECTOR-238,Mn,var_sel_sup,4,PASS,PASS,PASS,PASS,PASS,PASS,PASS,PASS,PASS,PASS,PASS,PASS,PASS,13,3,3,EXPERIMENTAL,
U+E01DE,VARIATION SELECTOR-239,Mn,var_sel_sup,4,PASS,PASS,PASS,PASS,PASS,PASS,PASS,PASS,PASS,PASS,PASS,PASS,PASS,13,3,3,EXPERIMENTAL,
U+E01DF,VARIATION SELECTOR-240,Mn,var_sel_sup,4,PASS,PASS,PASS,PASS,PASS,PASS,PASS,PASS,PASS,PASS,PASS,PASS,PASS,13,3,3,EXPERIMENTAL,
U+E01E0,VARIATION SELECTOR-241,Mn,var_sel_sup,4,PASS,PASS,PASS,PASS,PASS,PASS,PASS,PASS,PASS,PASS,PASS,PASS,PASS,13,3,3,EXPERIMENTAL,
U+E01E1,VARIATION SELECTOR-242,Mn,var_sel_sup,4,PASS,PASS,PASS,PASS,PASS,PASS,PASS,PASS,PASS,PASS,PASS,PASS,PASS,13,3,3,EXPERIMENTAL,
U+E01E2,VARIATION SELECTOR-243,Mn,var_sel_sup,4,PASS,PASS,PASS,PASS,PASS,PASS,PASS,PASS,PASS,PASS,PASS,PASS,PASS,13,3,3,EXPERIMENTAL,
U+E01E3,VARIATION SELECTOR-244,Mn,var_sel_sup,4,PASS,PASS,PASS,PASS,PASS,PASS,PASS,PASS,PASS,PASS,PASS,PASS,PASS,13,3,3,EXPERIMENTAL,
U+E01E4,VARIATION SELECTOR-245,Mn,var_sel_sup,4,PASS,PASS,PASS,PASS,PASS,PASS,PASS,PASS,PASS,PASS,PASS,PASS,PASS,13,3,3,EXPERIMENTAL,
U+E01E5,VARIATION SELECTOR-246,Mn,var_sel_sup,4,PASS,PASS,PASS,PASS,PASS,PASS,PASS,PASS,PASS,PASS,PASS,PASS,PASS,13,3,3,EXPERIMENTAL,
U+E01E6,VARIATION SELECTOR-247,Mn,var_sel_sup,4,PASS,PASS,PASS,PASS,PASS,PASS,PASS,PASS,PASS,PASS,PASS,PASS,PASS,13,3,3,EXPERIMENTAL,
U+E01E7,VARIATION SELECTOR-248,Mn,var_sel_sup,4,PASS,PASS,PASS,PASS,PASS,PASS,PASS,PASS,PASS,PASS,PASS,PASS,PASS,13,3,3,EXPERIMENTAL,
U+E01E8,VARIATION SELECTOR-249,Mn,var_sel_sup,4,PASS,PASS,PASS,PASS,PASS,PASS,PASS,PASS,PASS,PASS,PASS,PASS,PASS,13,3,3,EXPERIMENTAL,
U+E01E9,VARIATION SELECTOR-250,Mn,var_sel_sup,4,PASS,PASS,PASS,PASS,PASS,PASS,PASS,PASS,PASS,PASS,PASS,PASS,PASS,13,3,3,EXPERIMENTAL,
U+E01EA,VARIATION SELECTOR-251,Mn,var_sel_sup,4,PASS,PASS,PASS,PASS,PASS,PASS,PASS,PASS,PASS,PASS,PASS,PASS,PASS,13,3,3,EXPERIMENTAL,
U+E01EB,VARIATION SELECTOR-252,Mn,var_sel_sup,4,PASS,PASS,PASS,PASS,PASS,PASS,PASS,PASS,PASS,PASS,PASS,PASS,PASS,13,3,3,EXPERIMENTAL,
U+E01EC,VARIATION SELECTOR-253,Mn,var_sel_sup,4,PASS,PASS,PASS,PASS,PASS,PASS,PASS,PASS,PASS,PASS,PASS,PASS,PASS,13,3,3,EXPERIMENTAL,
U+E01ED,VARIATION SELECTOR-254,Mn,var_sel_sup,4,PASS,PASS,PASS,PASS,PASS,PASS,PASS,PASS,PASS,PASS,PASS,PASS,PASS,13,3,3,EXPERIMENTAL,
U+E01EE,VARIATION SELECTOR-255,Mn,var_sel_sup,4,PASS,PASS,PASS,PASS,PASS,PASS,PASS,PASS,PASS,PASS,PASS,PASS,PASS,13,3,3,EXPERIMENTAL,
U+E01EF,VARIATION SELECTOR-256,Mn,var_sel_sup,4,PASS,PASS,PASS,PASS,PASS,PASS,PASS,PASS,PASS,PASS,PASS,PASS,PASS,13,3,3,EXPERIMENTAL,
